model,variant,fraction,seed,perturbation,severity,auc,accuracy
capsnet,,1.0,0,rotation,0.0,0.9749482500000001,0.920875
capsnet,,1.0,0,rotation,15.0,0.9585151249999999,0.898125
capsnet,,1.0,0,rotation,30.0,0.9578297499999999,0.896
capsnet,,1.0,0,rotation,45.0,0.9567700625000001,0.893375
capsnet,,1.0,0,zoom,1.0,0.9749482500000001,0.920875
capsnet,,1.0,0,zoom,1.15,0.94430425,0.876125
capsnet,,1.0,0,zoom,1.3,0.9113704375000001,0.81875
capsnet,,1.0,0,zoom,1.5,0.83862540625,0.73975
capsnet,,1.0,0,blur,0.0,0.9749482500000001,0.920875
capsnet,,1.0,0,blur,0.75,0.9249155,0.858875
capsnet,,1.0,0,blur,1.5,0.8650152499999999,0.767
capsnet,,1.0,0,blur,2.5,0.8264036562499999,0.710375
capsnet,,1.0,0,stain,0.0,0.9749482500000001,0.920875
capsnet,,1.0,0,stain,0.05,0.9362027187499999,0.86925
capsnet,,1.0,0,stain,0.1,0.8879697499999999,0.8135
capsnet,,1.0,0,stain,0.2,0.7985430937499999,0.722625
capsnet,,1.0,1,rotation,0.0,0.976105125,0.924125
capsnet,,1.0,1,rotation,15.0,0.960724125,0.90225
capsnet,,1.0,1,rotation,30.0,0.959886125,0.89925
capsnet,,1.0,1,rotation,45.0,0.95878259375,0.896375
capsnet,,1.0,1,zoom,1.0,0.976105125,0.924125
capsnet,,1.0,1,zoom,1.15,0.9466910624999999,0.876625
capsnet,,1.0,1,zoom,1.3,0.9114777500000001,0.80825
capsnet,,1.0,1,zoom,1.5,0.8342390000000001,0.727875
capsnet,,1.0,1,blur,0.0,0.976105125,0.924125
capsnet,,1.0,1,blur,0.75,0.9303580624999999,0.845375
capsnet,,1.0,1,blur,1.5,0.8709568125,0.80125
capsnet,,1.0,1,blur,2.5,0.77549453125,0.7175
capsnet,,1.0,1,stain,0.0,0.976105125,0.924125
capsnet,,1.0,1,stain,0.05,0.9433235625,0.87625
capsnet,,1.0,1,stain,0.1,0.8955151875,0.82425
capsnet,,1.0,1,stain,0.2,0.7975173124999999,0.729625
capsnet,,1.0,2,rotation,0.0,0.9755248750000001,0.923875
capsnet,,1.0,2,rotation,15.0,0.9600576250000001,0.895625
capsnet,,1.0,2,rotation,30.0,0.9586841249999999,0.8945
capsnet,,1.0,2,rotation,45.0,0.9576098749999999,0.894875
capsnet,,1.0,2,zoom,1.0,0.9755248750000001,0.923875
capsnet,,1.0,2,zoom,1.15,0.9444313750000001,0.874
capsnet,,1.0,2,zoom,1.3,0.9125219374999999,0.814875
capsnet,,1.0,2,zoom,1.5,0.847261875,0.74
capsnet,,1.0,2,blur,0.0,0.9755248750000001,0.923875
capsnet,,1.0,2,blur,0.75,0.9224703125,0.84675
capsnet,,1.0,2,blur,1.5,0.8785790625,0.783125
capsnet,,1.0,2,blur,2.5,0.83380090625,0.713125
capsnet,,1.0,2,stain,0.0,0.9755248750000001,0.923875
capsnet,,1.0,2,stain,0.05,0.9394979374999999,0.87325
capsnet,,1.0,2,stain,0.1,0.8864395625,0.8175
capsnet,,1.0,2,stain,0.2,0.7840663437500001,0.714375
capsnet,no-recon,1.0,0,rotation,0.0,0.9710034375,0.914875
capsnet,no-recon,1.0,0,rotation,15.0,0.953154875,0.8905
capsnet,no-recon,1.0,0,rotation,30.0,0.9519786874999999,0.8875
capsnet,no-recon,1.0,0,rotation,45.0,0.9507701875000001,0.886875
capsnet,no-recon,1.0,0,zoom,1.0,0.9710034375,0.914875
capsnet,no-recon,1.0,0,zoom,1.15,0.9391956250000001,0.86975
capsnet,no-recon,1.0,0,zoom,1.3,0.9149674375000001,0.82625
capsnet,no-recon,1.0,0,zoom,1.5,0.8623609375,0.75875
capsnet,no-recon,1.0,0,blur,0.0,0.9710034375,0.914875
capsnet,no-recon,1.0,0,blur,0.75,0.9170704687500001,0.844375
capsnet,no-recon,1.0,0,blur,1.5,0.8252835625000001,0.723375
capsnet,no-recon,1.0,0,blur,2.5,0.7721891249999999,0.680625
capsnet,no-recon,1.0,0,stain,0.0,0.9710034375,0.914875
capsnet,no-recon,1.0,0,stain,0.05,0.93318240625,0.863375
capsnet,no-recon,1.0,0,stain,0.1,0.88226940625,0.806625
capsnet,no-recon,1.0,0,stain,0.2,0.78753171875,0.717625
capsnet,no-recon,1.0,1,rotation,0.0,0.9748929375,0.922
capsnet,no-recon,1.0,1,rotation,15.0,0.9582000625,0.89575
capsnet,no-recon,1.0,1,rotation,30.0,0.95745390625,0.896125
capsnet,no-recon,1.0,1,rotation,45.0,0.95778346875,0.892875
capsnet,no-recon,1.0,1,zoom,1.0,0.9748929375,0.922
capsnet,no-recon,1.0,1,zoom,1.15,0.9438991875,0.872125
capsnet,no-recon,1.0,1,zoom,1.3,0.9146641249999998,0.817625
capsnet,no-recon,1.0,1,zoom,1.5,0.8536680000000001,0.74075
capsnet,no-recon,1.0,1,blur,0.0,0.9748929375,0.922
capsnet,no-recon,1.0,1,blur,0.75,0.9256995625,0.84575
capsnet,no-recon,1.0,1,blur,1.5,0.83810575,0.762125
capsnet,no-recon,1.0,1,blur,2.5,0.7345898124999999,0.698125
capsnet,no-recon,1.0,1,stain,0.0,0.9748929375,0.922
capsnet,no-recon,1.0,1,stain,0.05,0.9421931250000002,0.87475
capsnet,no-recon,1.0,1,stain,0.1,0.89443275,0.825625
capsnet,no-recon,1.0,1,stain,0.2,0.8008175625,0.735
capsnet,no-recon,1.0,2,rotation,0.0,0.9723236249999999,0.917625
capsnet,no-recon,1.0,2,rotation,15.0,0.9562379374999999,0.89325
capsnet,no-recon,1.0,2,rotation,30.0,0.955772875,0.890375
capsnet,no-recon,1.0,2,rotation,45.0,0.9549611250000001,0.89425
capsnet,no-recon,1.0,2,zoom,1.0,0.9723236249999999,0.917625
capsnet,no-recon,1.0,2,zoom,1.15,0.9435638125,0.8695
capsnet,no-recon,1.0,2,zoom,1.3,0.9175473125,0.816375
capsnet,no-recon,1.0,2,zoom,1.5,0.87029715625,0.740625
capsnet,no-recon,1.0,2,blur,0.0,0.9723236249999999,0.917625
capsnet,no-recon,1.0,2,blur,0.75,0.92545521875,0.856875
capsnet,no-recon,1.0,2,blur,1.5,0.8552017812499999,0.7025
capsnet,no-recon,1.0,2,blur,2.5,0.7972352500000001,0.655125
capsnet,no-recon,1.0,2,stain,0.0,0.9723236249999999,0.917625
capsnet,no-recon,1.0,2,stain,0.05,0.9382879375000001,0.862
capsnet,no-recon,1.0,2,stain,0.1,0.8958988125,0.806625
capsnet,no-recon,1.0,2,stain,0.2,0.7965867499999999,0.70625
capsnet,no-routing,1.0,0,rotation,0.0,0.97513225,0.924625
capsnet,no-routing,1.0,0,rotation,15.0,0.9606323749999999,0.8995
capsnet,no-routing,1.0,0,rotation,30.0,0.9595464374999999,0.899
capsnet,no-routing,1.0,0,rotation,45.0,0.958157875,0.895625
capsnet,no-routing,1.0,0,zoom,1.0,0.97513225,0.924625
capsnet,no-routing,1.0,0,zoom,1.15,0.9454288437499999,0.87575
capsnet,no-routing,1.0,0,zoom,1.3,0.9122730937499999,0.812875
capsnet,no-routing,1.0,0,zoom,1.5,0.8458841874999999,0.732
capsnet,no-routing,1.0,0,blur,0.0,0.97513225,0.924625
capsnet,no-routing,1.0,0,blur,0.75,0.9263105,0.863125
capsnet,no-routing,1.0,0,blur,1.5,0.85827909375,0.782125
capsnet,no-routing,1.0,0,blur,2.5,0.80195528125,0.719125
capsnet,no-routing,1.0,0,stain,0.0,0.97513225,0.924625
capsnet,no-routing,1.0,0,stain,0.05,0.9333623750000001,0.865625
capsnet,no-routing,1.0,0,stain,0.1,0.8800418749999999,0.8085
capsnet,no-routing,1.0,0,stain,0.2,0.7899442187499999,0.719625
capsnet,no-routing,1.0,1,rotation,0.0,0.9760212499999998,0.92425
capsnet,no-routing,1.0,1,rotation,15.0,0.9622350625,0.902875
capsnet,no-routing,1.0,1,rotation,30.0,0.9614882187499999,0.90075
capsnet,no-routing,1.0,1,rotation,45.0,0.95928303125,0.896875
capsnet,no-routing,1.0,1,zoom,1.0,0.9760212499999998,0.92425
capsnet,no-routing,1.0,1,zoom,1.15,0.9481655625000002,0.879
capsnet,no-routing,1.0,1,zoom,1.3,0.9112718125000001,0.811625
capsnet,no-routing,1.0,1,zoom,1.5,0.8290411562499999,0.728875
capsnet,no-routing,1.0,1,blur,0.0,0.9760212499999998,0.92425
capsnet,no-routing,1.0,1,blur,0.75,0.9284813749999999,0.852625
capsnet,no-routing,1.0,1,blur,1.5,0.8715239375000001,0.803625
capsnet,no-routing,1.0,1,blur,2.5,0.795972125,0.731
capsnet,no-routing,1.0,1,stain,0.0,0.9760212499999998,0.92425
capsnet,no-routing,1.0,1,stain,0.05,0.9417061875,0.874625
capsnet,no-routing,1.0,1,stain,0.1,0.8998134062500001,0.8275
capsnet,no-routing,1.0,1,stain,0.2,0.80605146875,0.73025
capsnet,no-routing,1.0,2,rotation,0.0,0.9759325625,0.925375
capsnet,no-routing,1.0,2,rotation,15.0,0.9619861875000002,0.89725
capsnet,no-routing,1.0,2,rotation,30.0,0.9614381249999999,0.895625
capsnet,no-routing,1.0,2,rotation,45.0,0.9597576250000001,0.896875
capsnet,no-routing,1.0,2,zoom,1.0,0.9759325625,0.925375
capsnet,no-routing,1.0,2,zoom,1.15,0.9494976874999999,0.880625
capsnet,no-routing,1.0,2,zoom,1.3,0.9201627812499998,0.822
capsnet,no-routing,1.0,2,zoom,1.5,0.8562681875,0.74325
capsnet,no-routing,1.0,2,blur,0.0,0.9759325625,0.925375
capsnet,no-routing,1.0,2,blur,0.75,0.9285663125000001,0.861375
capsnet,no-routing,1.0,2,blur,1.5,0.8849494375,0.789875
capsnet,no-routing,1.0,2,blur,2.5,0.84431196875,0.72775
capsnet,no-routing,1.0,2,stain,0.0,0.9759325625,0.925375
capsnet,no-routing,1.0,2,stain,0.05,0.9431100937500001,0.873625
capsnet,no-routing,1.0,2,stain,0.1,0.8967795624999999,0.816875
capsnet,no-routing,1.0,2,stain,0.2,0.7947348750000001,0.707875
matched_cnn,,1.0,0,rotation,0.0,0.98415821875,0.939375
matched_cnn,,1.0,0,rotation,15.0,0.971350125,0.91425
matched_cnn,,1.0,0,rotation,30.0,0.9706071875,0.91275
matched_cnn,,1.0,0,rotation,45.0,0.96953371875,0.909875
matched_cnn,,1.0,0,zoom,1.0,0.98415821875,0.939375
matched_cnn,,1.0,0,zoom,1.15,0.9617267500000001,0.896375
matched_cnn,,1.0,0,zoom,1.3,0.9406516874999999,0.851125
matched_cnn,,1.0,0,zoom,1.5,0.895628,0.76575
matched_cnn,,1.0,0,blur,0.0,0.98415821875,0.939375
matched_cnn,,1.0,0,blur,0.75,0.9460378749999999,0.87325
matched_cnn,,1.0,0,blur,1.5,0.8564004062500001,0.772875
matched_cnn,,1.0,0,blur,2.5,0.8188115625,0.73725
matched_cnn,,1.0,0,stain,0.0,0.98415821875,0.939375
matched_cnn,,1.0,0,stain,0.05,0.937086,0.875875
matched_cnn,,1.0,0,stain,0.1,0.87466578125,0.82175
matched_cnn,,1.0,0,stain,0.2,0.76287175,0.72025
matched_cnn,,1.0,1,rotation,0.0,0.9847122812500001,0.939375
matched_cnn,,1.0,1,rotation,15.0,0.9693438437499998,0.908875
matched_cnn,,1.0,1,rotation,30.0,0.96756371875,0.906
matched_cnn,,1.0,1,rotation,45.0,0.9669448125000001,0.90525
matched_cnn,,1.0,1,zoom,1.0,0.9847122812500001,0.939375
matched_cnn,,1.0,1,zoom,1.15,0.9583235625,0.895125
matched_cnn,,1.0,1,zoom,1.3,0.93661759375,0.8545
matched_cnn,,1.0,1,zoom,1.5,0.88464290625,0.771875
matched_cnn,,1.0,1,blur,0.0,0.9847122812500001,0.939375
matched_cnn,,1.0,1,blur,0.75,0.9355708750000001,0.85275
matched_cnn,,1.0,1,blur,1.5,0.849692375,0.76275
matched_cnn,,1.0,1,blur,2.5,0.8122308437499999,0.717375
matched_cnn,,1.0,1,stain,0.0,0.9847122812500001,0.939375
matched_cnn,,1.0,1,stain,0.05,0.93510859375,0.872625
matched_cnn,,1.0,1,stain,0.1,0.8689178125,0.8145
matched_cnn,,1.0,1,stain,0.2,0.7616146250000001,0.720625
matched_cnn,,1.0,2,rotation,0.0,0.98419025,0.93775
matched_cnn,,1.0,2,rotation,15.0,0.9697784687500001,0.9135
matched_cnn,,1.0,2,rotation,30.0,0.969294,0.912625
matched_cnn,,1.0,2,rotation,45.0,0.9683654062500001,0.9075
matched_cnn,,1.0,2,zoom,1.0,0.98419025,0.93775
matched_cnn,,1.0,2,zoom,1.15,0.96106425,0.896625
matched_cnn,,1.0,2,zoom,1.3,0.940617125,0.855125
matched_cnn,,1.0,2,zoom,1.5,0.89798703125,0.777375
matched_cnn,,1.0,2,blur,0.0,0.98419025,0.93775
matched_cnn,,1.0,2,blur,0.75,0.94190525,0.868375
matched_cnn,,1.0,2,blur,1.5,0.86837396875,0.787125
matched_cnn,,1.0,2,blur,2.5,0.8326806875,0.741125
matched_cnn,,1.0,2,stain,0.0,0.98419025,0.93775
matched_cnn,,1.0,2,stain,0.05,0.93588653125,0.8705
matched_cnn,,1.0,2,stain,0.1,0.86770796875,0.80825
matched_cnn,,1.0,2,stain,0.2,0.748972,0.700125
simple_cnn,,1.0,0,rotation,0.0,0.9546002812500001,0.884
simple_cnn,,1.0,0,rotation,15.0,0.9447298125,0.869375
simple_cnn,,1.0,0,rotation,30.0,0.9443174375,0.8675
simple_cnn,,1.0,0,rotation,45.0,0.9434784375,0.866625
simple_cnn,,1.0,0,zoom,1.0,0.9546002812500001,0.884
simple_cnn,,1.0,0,zoom,1.15,0.9321174062500001,0.852875
simple_cnn,,1.0,0,zoom,1.3,0.91427284375,0.8255
simple_cnn,,1.0,0,zoom,1.5,0.88095753125,0.7845
simple_cnn,,1.0,0,blur,0.0,0.9546002812500001,0.884
simple_cnn,,1.0,0,blur,0.75,0.90990346875,0.801125
simple_cnn,,1.0,0,blur,1.5,0.7649029374999999,0.677875
simple_cnn,,1.0,0,blur,2.5,0.68142253125,0.61425
simple_cnn,,1.0,0,stain,0.0,0.9546002812500001,0.884
simple_cnn,,1.0,0,stain,0.05,0.95064834375,0.880125
simple_cnn,,1.0,0,stain,0.1,0.938475375,0.860125
simple_cnn,,1.0,0,stain,0.2,0.8840000312499999,0.793125
simple_cnn,,1.0,1,rotation,0.0,0.9534780624999999,0.885875
simple_cnn,,1.0,1,rotation,15.0,0.937011125,0.862375
simple_cnn,,1.0,1,rotation,30.0,0.9361251562499999,0.86375
simple_cnn,,1.0,1,rotation,45.0,0.93445834375,0.861625
simple_cnn,,1.0,1,zoom,1.0,0.9534780624999999,0.885875
simple_cnn,,1.0,1,zoom,1.15,0.92242221875,0.844875
simple_cnn,,1.0,1,zoom,1.3,0.90220159375,0.822125
simple_cnn,,1.0,1,zoom,1.5,0.8702198125,0.785625
simple_cnn,,1.0,1,blur,0.0,0.9534780624999999,0.885875
simple_cnn,,1.0,1,blur,0.75,0.8978700312500001,0.79925
simple_cnn,,1.0,1,blur,1.5,0.81352115625,0.718875
simple_cnn,,1.0,1,blur,2.5,0.73118490625,0.658
simple_cnn,,1.0,1,stain,0.0,0.9534780624999999,0.885875
simple_cnn,,1.0,1,stain,0.05,0.94656740625,0.877
simple_cnn,,1.0,1,stain,0.1,0.92440465625,0.84625
simple_cnn,,1.0,1,stain,0.2,0.84650790625,0.765625
simple_cnn,,1.0,2,rotation,0.0,0.9536688437499999,0.885125
simple_cnn,,1.0,2,rotation,15.0,0.9362054375,0.86225
simple_cnn,,1.0,2,rotation,30.0,0.9370667500000001,0.8645
simple_cnn,,1.0,2,rotation,45.0,0.93575825,0.85925
simple_cnn,,1.0,2,zoom,1.0,0.9536688437499999,0.885125
simple_cnn,,1.0,2,zoom,1.15,0.92423121875,0.8485
simple_cnn,,1.0,2,zoom,1.3,0.90835025,0.8255
simple_cnn,,1.0,2,zoom,1.5,0.8803417499999999,0.790625
simple_cnn,,1.0,2,blur,0.0,0.9536688437499999,0.885125
simple_cnn,,1.0,2,blur,0.75,0.90035259375,0.805375
simple_cnn,,1.0,2,blur,1.5,0.793066375,0.683375
simple_cnn,,1.0,2,blur,2.5,0.714734,0.620625
simple_cnn,,1.0,2,stain,0.0,0.9536688437499999,0.885125
simple_cnn,,1.0,2,stain,0.05,0.94788740625,0.874875
simple_cnn,,1.0,2,stain,0.1,0.9308260312500001,0.85425
simple_cnn,,1.0,2,stain,0.2,0.859458,0.778
